{
  "exportedBy": null,
  "bundleHash": null,
  "version": "1.0.0.0",
  "jitAssemblyCompilerCommands": [
    {
      "providerName": "CustomEntities",
      "bundleOptions": {
        "hash": "+7a+Vi0EzV+ItkS2bXn8MsNeOaVboQk/sNLBdhHiMHwuwv0fajCebLSlyK3/07NCwP/p8Ks/GaeDZUKfdWs9IQ==",
        "bundleName": "C6F5E364295_envelopes_sub_form_data_Retrieve",
        "entitiesBundle": {
          "Types": {
            "errorDetails": {
              "name": "errorDetails",
              "properties": [
                {
                  "name": "errorCode",
                  "type": {
                    "ClrType": "System.String, System.Private.CoreLib"
                  }
                },
                {
                  "name": "message",
                  "type": {
                    "ClrType": "System.String, System.Private.CoreLib"
                  }
                }
              ],
              "baseType": null
            },
            "formData": {
              "name": "formData",
              "properties": [
                {
                  "name": "errorDetails",
                  "type": {
                    "definitionName": "errorDetails"
                  }
                },
                {
                  "name": "listSelectedValue",
                  "type": {
                    "ClrType": "System.String, System.Private.CoreLib"
                  }
                },
                {
                  "name": "name",
                  "type": {
                    "ClrType": "System.String, System.Private.CoreLib"
                  }
                },
                {
                  "name": "numericalValue",
                  "type": {
                    "ClrType": "System.String, System.Private.CoreLib"
                  }
                },
                {
                  "name": "originalValue",
                  "type": {
                    "ClrType": "System.String, System.Private.CoreLib"
                  }
                },
                {
                  "name": "value",
                  "type": {
                    "ClrType": "System.String, System.Private.CoreLib"
                  }
                }
              ],
              "baseType": null
            },
            "prefillFormData": {
              "name": "prefillFormData",
              "properties": [
                {
                  "name": "formData",
                  "type": {
                    "definitionName": "formData"
                  },
                  "isCollection": true,
                  "collectionGenericType": {
                    "ClrType": "System.Collections.Generic.List`1, System.Private.CoreLib"
                  }
                },
                {
                  "name": "senderEmail",
                  "type": {
                    "ClrType": "System.String, System.Private.CoreLib"
                  }
                },
                {
                  "name": "senderName",
                  "type": {
                    "ClrType": "System.String, System.Private.CoreLib"
                  }
                },
                {
                  "name": "senderUserId",
                  "type": {
                    "ClrType": "System.String, System.Private.CoreLib"
                  }
                }
              ],
              "baseType": null
            },
            "recipientFormData": {
              "name": "recipientFormData",
              "properties": [
                {
                  "name": "formData",
                  "type": {
                    "definitionName": "formData"
                  },
                  "isCollection": true,
                  "collectionGenericType": {
                    "ClrType": "System.Collections.Generic.List`1, System.Private.CoreLib"
                  }
                },
                {
                  "name": "DeclinedTime",
                  "type": {
                    "ClrType": "System.String, System.Private.CoreLib"
                  }
                },
                {
                  "name": "DeliveredTime",
                  "type": {
                    "ClrType": "System.String, System.Private.CoreLib"
                  }
                },
                {
                  "name": "SentTime",
                  "type": {
                    "ClrType": "System.String, System.Private.CoreLib"
                  }
                },
                {
                  "name": "SignedTime",
                  "type": {
                    "ClrType": "System.String, System.Private.CoreLib"
                  }
                },
                {
                  "name": "email",
                  "type": {
                    "ClrType": "System.String, System.Private.CoreLib"
                  }
                },
                {
                  "name": "name",
                  "type": {
                    "ClrType": "System.String, System.Private.CoreLib"
                  }
                },
                {
                  "name": "recipientId",
                  "type": {
                    "ClrType": "System.String, System.Private.CoreLib"
                  }
                }
              ],
              "baseType": null
            },
            "envelopes_sub_form_data_Retrieve": {
              "name": "envelopes_sub_form_data_Retrieve",
              "properties": [
                {
                  "name": "formData",
                  "type": {
                    "definitionName": "formData"
                  },
                  "isCollection": true,
                  "collectionGenericType": {
                    "ClrType": "System.Collections.Generic.List`1, System.Private.CoreLib"
                  }
                },
                {
                  "name": "prefillFormData",
                  "type": {
                    "definitionName": "prefillFormData"
                  }
                },
                {
                  "name": "recipientFormData",
                  "type": {
                    "definitionName": "recipientFormData"
                  },
                  "isCollection": true,
                  "collectionGenericType": {
                    "ClrType": "System.Collections.Generic.List`1, System.Private.CoreLib"
                  }
                },
                {
                  "name": "emailSubject",
                  "type": {
                    "ClrType": "System.String, System.Private.CoreLib"
                  }
                },
                {
                  "name": "envelopeId",
                  "type": {
                    "ClrType": "System.String, System.Private.CoreLib"
                  }
                },
                {
                  "name": "sentDateTime",
                  "type": {
                    "ClrType": "System.String, System.Private.CoreLib"
                  }
                },
                {
                  "name": "status",
                  "type": {
                    "ClrType": "System.String, System.Private.CoreLib"
                  }
                }
              ],
              "baseType": null
            }
          },
          "version": 1
        }
      },
      "entityAssemblyKey": {
        "name": "UiPath.IntegrationService.Activities.SWEntities.C6F5E364295_envelopes_sub_form_data_Retrieve",
        "hash": "KzdhK1ZpMEV6VitJdGtTMmJYbjhNc05lT2FWYm9Ray9zTkxCZGhIaU1Id3V3djBmYWpDZWJMU2x5SzMvMDdOQ3dQL3A4S3MvR2FlRFpVS2ZkV3M5SVE9PQ",
        "assemblyName": "C6F5E364295_envelope.mhDsn3HO7oH1bW4vB2lltK71"
      }
    }
  ]
}