{
  "assemblyStates": {
    "C6F5E364295_envelope.mhDsn3HO7oH1bW4vB2lltK71": {
      "namespace": "UiPath.IntegrationService.Activities.SWEntities.C6F5E364295_envelopes_sub_form_data_Retrieve.Bundle",
      "providerName": "CustomEntities",
      "key": {
        "name": "UiPath.IntegrationService.Activities.SWEntities.C6F5E364295_envelopes_sub_form_data_Retrieve",
        "hash": "KzdhK1ZpMEV6VitJdGtTMmJYbjhNc05lT2FWYm9Ray9zTkxCZGhIaU1Id3V3djBmYWpDZWJMU2x5SzMvMDdOQ3dQL3A4S3MvR2FlRFpVS2ZkV3M5SVE9PQ",
        "assemblyName": "C6F5E364295_envelope.mhDsn3HO7oH1bW4vB2lltK71"
      }
    }
  }
}