{
  "Workflows": [
    {
      "Path": null,
      "SortBy": 0,
      "VariablesSectionElementsOrder": [],
      "ArgumentsSectionElementsOrder": null,
      "ConstantsSectionElementsOrder": [],
      "AddedNamespaces": null
    },
    {
      "Path": "Main.xaml",
      "SortBy": 0,
      "VariablesSectionElementsOrder": [
        "userCity&Sequence_7",
        "currentWeather&Sequence_7",
        "userBuisness&Sequence_7",
        "userAddress&Sequence_7",
        "userName&Sequence_7",
        "outputContent&Sequence_7",
        "templateContent&Sequence_7",
        "userEmail&Sequence_7",
        "envelopeDefinition&Sequence_7",
        "envelopeIdOut&Sequence_7",
        "base64EncodedPDF&Sequence_7",
        "docuSignConnection&Sequence_7",
        "currentTemp&Sequence_3"
      ],
      "ArgumentsSectionElementsOrder": [],
      "ConstantsSectionElementsOrder": [],
      "AddedNamespaces": null
    },
    {
      "Path": "backup.xaml",
      "SortBy": 0,
      "VariablesSectionElementsOrder": [
        "currentTemp&Sequence_2",
        "base64EncodedPDF&Sequence_3"
      ],
      "ArgumentsSectionElementsOrder": [],
      "ConstantsSectionElementsOrder": [],
      "AddedNamespaces": null
    }
  ]
}